INSERT INTO user(id,login,email,password)VALUES (1,'KIRILL','krybak99@gmail.com','$2a$12$tJKv/bKL.XWSmdxhsLt9u.hg55uhnaZdHq0PNZRaKQHpSMr.0cLOS');
INSERT INTO user(id,login,email,password)VALUES (2,'DMITRY','dzabolotski99@gmail.com','$2a$12$tJKv/bKL.XWSmdxhsLt9u.hg55uhnaZdHq0PNZRaKQHpSMr.0cLOS');
INSERT INTO user(id,login,email,password)VALUES (3,'qwerty','kirillribak99@gmail.com','$2a$12$tJKv/bKL.XWSmdxhsLt9u.hg55uhnaZdHq0PNZRaKQHpSMr.0cLOS');
INSERT INTO user(id,login,email,password)VALUES (4,'dsfsd','pythonjava99@gmail.com','$2a$12$tJKv/bKL.XWSmdxhsLt9u.hg55uhnaZdHq0PNZRaKQHpSMr.0cLOS');
INSERT INTO user(id,login,email,password,role)VALUES (5,'admin','pythonjava99@gmail.com','$2a$12$4gk/NKGm/Ps5N/lY03oTwOLxjaflVBE0yW9H.jDNngyJKLP69Uty2',2);

INSERT INTO post(id,author,title,post_text)VALUES (1,1,'Новости от CD Project Red','Польский портал Bankier опубликовал ряд высказываний руководителя CD Projekt Адама Кичиньского с некой конференции, где разработчик рассказал массу интересного касательно будущего студии.
Во-первых, как сообщает СМИ, Кичиньский подтвердил, что CD Projekt RED работает сразу над тремя играми по вселенной Cyberpunk 2077, включая «основную» и ещё две неанонсированные. Всего в компании при этом трудится пять команд.
Одна из команд «Киберпанка» находится во Вроцлаве и насчитывает приблизительно четыре десятка специалистов — они заняты неким многопользовательским проектом.
Более того, следующим крупным релизом CD Projekt (видимо, той самой крупнобюджетной ролевой игрой, что должна выйти до конца 2021 года) тоже станет проект по мотивам Cyberpunk 2077. По словам студии, он инновационный и рискованный.
Ещё Кичиньский сообщил, что студия «очень довольна» предзаказами Cyberpunk 2077, особенно на китайском рынке, а доля продаж на РС, скорее всего, будет ниже, чем у третьего «Ведьмака». На это есть сразу несколько причин:
«Ведьмак» долгое время был компьютерным эксклюзивом и ассоциировался в первую очередь с этой платформой;
С 2015 года аудитория консолей текущего поколения значительно выросла.
Отметим, что в первый год количество проданных копий «Дикой Охоты» на РС составило 31% от общего тиража, тогда как большая часть пришлась на версию для PS4 — 48%.
Cyberpunk 2077 готовится к релизу 16 апреля на PS4, Xbox One и РС.');
INSERT INTO post(id,author,title,post_text)VALUES (2,1,'Человек-паук от Sony  получит новые костюмы','Японское подразделение PlayStation (возможно, чуть раньше положенного) анонсировало свежее обновление для «Человека-паука» от Insomniac — выход патча состоится в ближайшее время.
Его главной особенностью станут два свежих костюма, созданных по мотивам картины «Человек-паук: Вдали от дома». Её российский прокат начнётся через несколько дней.
Речь идёт о чёрно-красном костюме супергероя и скрытном — чёрном.В игре уже появились многие костюмы из фильмов:
классический костюм из трилогии Сэма Рэйми
стандартный наряд из «Возвращения домой»
Железный паук из «Войны бесконечности»
стандартный костюм из мультфильма «Человек-паук: Через вселенные».');
INSERT INTO post(id,author,title,post_text)VALUES (3,2,'В Cyberpunk 2077 будут не только «стволы»','Как ожидается, Cyberpunk 2077 предложит довольно много свободы для игроков: не меньше, а может, и больше, чем The Witcher 3. При этом речь идёт не только о сюжетах, но и об оружии.
Как заявил квест-директор проекта Матеуш Томашкевич, в игре будет широкий выбор оружия и возможность его кастомизации.
Сообщается, что в игре будет оружие как дальнего, так и ближнего боя. В числе последнего варианта упоминаются катана, молоток, нож и нанопроволока (явно отсылка к «Джонни-мнемонику»). Помимо этого будет несколько видов огнестрельного оружия: тяжёлые и лёгкие пистолеты, пулемёты, револьверы, снайперские винтовки и так далее.
Всё это можно оснащать оптическими прицелами, глушителями и тому подобными модулями. Как известно, Cyberpunk 2077 выйдет 16 апреля 2020 года на PS4, Xbox One и PC. На консоли Sony игра потребует не менее 80 ГБ места.
При этом, по сведениям СМИ, CD Projekt RED работает над тремя играми по вселенной Cyberpunk 2077. Две из них пока не были анонсированы. А вот арты к специальному изданию игры. Больше ищите на странице автора Хосана Гонсалеса на ArtStation. ');
INSERT INTO post(id,author,title,post_text)VALUES (4,2,'Всем советую глянуть',' Каждая галактическая планета обладает мощнейшим потоком, который вырабатывает энергию для существования.
Сейчас мы перенесемся в край Акилиана, здесь этот поток принято называть дыханием. Но, несмотря на значимость этого дыхания, оно так же может быть весьма опасным. Так же жителям этой местности очень нравиться одна галактическая игра, которую они считают зрелищной и фантастической.
Несколько лет назад, в результате огромного взрыва, который охватил всю планету, дыхание пропало.
Вследствие чего жители потеряли возможность участвовать в галактическом футболе. Спустя 15-ть лет одна молодая и очень упорная команда смогла добиться большого успеха, и благодаря всего лишь энтузиазму, им удалось завоевать кубок.');

INSERT INTO comment(id,author,post_id,comment_text)VALUES(1,3,1,'Скорей бы поиграть.');
INSERT INTO comment(id,author,post_id,comment_text)VALUES(2,3,3,'Жду не дождусь.');
INSERT INTO comment(id,author,post_id,comment_text)VALUES(3,1,2,'Плойка ацтой');
INSERT INTO comment(id,author,post_id,comment_text)VALUES(4,1,3,'Смотрел,ну такое...');

INSERT INTO category(id,name)VALUES(1,'спорт');
INSERT INTO category(id,name)VALUES(2,'игры');
INSERT INTO category(id,name)VALUES(3,'фильмы');
INSERT INTO category(id,name)VALUES(4,'аниме');
INSERT INTO category(id,name)VALUES(5,'бизнесс');
INSERT INTO category(id,name)VALUES(6,'фантастика');
INSERT INTO category(id,name)VALUES(7,'it');
INSERT INTO category(id,name)VALUES(8,'политика');
INSERT INTO category(id,name)VALUES(9,'машины');
INSERT INTO category(id,name)VALUES(10,'ЗОЖ');
INSERT INTO category(id,name)VALUES(11,'здоровое питание');
INSERT INTO category(id,name)VALUES(12,'кино');
INSERT INTO category(id,name)VALUES(13,'знаменитости');
INSERT INTO category(id,name)VALUES(14,'мультфильмы');

INSERT INTO post_category(post_id,category_id)VALUES(1,2);
INSERT INTO post_category(post_id,category_id)VALUES(2,2);
INSERT INTO post_category(post_id,category_id)VALUES(3,2);
INSERT INTO post_category(post_id,category_id)VALUES(4,1);
INSERT INTO post_category(post_id,category_id)VALUES(4,14);

INSERT INTO user_subscription(user_id,subscriber_id)VALUES(1,2);
INSERT INTO user_subscription(user_id,subscriber_id)VALUES(1,3);
INSERT INTO user_subscription(user_id,subscriber_id)VALUES(3,2);
INSERT INTO user_subscription(user_id,subscriber_id)VALUES(3,1);
INSERT INTO user_subscription(user_id,subscriber_id)VALUES(2,1);
INSERT INTO user_subscription(user_id,subscriber_id)VALUES(2,3);
